,HeavyAtomCount,NHOHCount,NOCount,NumHAcceptors,NumHDonors,NumHeteratoms,NumRotatableBonds,NumValenceElectrons,NumAromaticRings,NumAliphaticHeterocycles,RingCount,MW,LogP,MR,TPSA
0,5,0,0,0,0,3,0,32,0,0,0,0,2.376500000000001,25.963999999999995,0.0
1,5,0,0,0,0,3,1,32,0,0,0,0,2.0289,26.213999999999995,0.0
2,5,0,0,0,0,3,0,30,0,0,0,0,1.9630999999999998,16.152,0.0
3,5,1,1,1,1,1,2,32,0,0,0,0,0.7787999999999999,21.993799999999997,20.23
4,5,0,1,1,0,1,1,30,0,0,0,0,0.9854,20.971999999999994,17.07
5,5,0,1,1,0,1,2,28,0,0,0,0,1.29,21.478999999999992,9.23
6,5,0,1,1,0,1,2,32,0,0,0,0,1.0428000000000002,22.166999999999994,9.23
7,5,1,1,1,1,1,1,32,0,0,0,0,0.6347,21.923799999999996,20.23
8,5,0,2,2,0,2,0,30,0,0,0,0,0.17930000000000001,17.689999999999998,26.3
9,6,0,0,0,0,4,0,38,0,0,0,0,2.5954000000000006,31.009999999999998,0.0
10,6,1,1,1,1,1,3,38,0,0,0,0,1.1689,26.61079999999999,20.23
11,6,0,0,0,0,0,0,38,0,0,0,0,2.442500000000001,29.74599999999998,0.0
12,6,0,0,0,0,0,2,38,0,0,0,0,2.442500000000001,29.74599999999998,0.0
13,6,0,1,1,0,1,2,36,0,0,0,0,1.3755,25.588999999999988,17.07
14,6,0,0,0,0,0,2,38,0,0,0,0,2.442500000000001,29.74599999999998,0.0
15,6,1,1,1,1,1,1,38,0,0,0,0,1.1673,26.58879999999999,20.23
16,6,0,0,0,0,0,0,30,1,0,1,1,1.6866,26.441999999999993,0.0
17,6,0,0,0,0,0,0,36,0,0,1,1,2.3406000000000002,27.701999999999984,0.0
18,6,0,2,2,0,2,1,36,0,0,0,0,0.5694,22.30699999999999,26.3
19,6,0,0,0,0,0,0,36,0,0,1,1,2.1965000000000003,27.631999999999984,0.0
20,20,0,2,2,0,2,0,102,2,2,4,4,3.0839000000000016,83.27400000000006,6.48
21,23,0,3,3,0,5,1,114,3,1,4,4,4.324220000000002,89.05400000000003,30.18
22,19,1,7,6,1,7,2,98,2,1,3,3,0.48679999999999995,63.79430000000002,86.99000000000001
23,20,0,3,3,0,3,0,102,2,2,4,4,2.4789000000000003,81.06900000000005,19.37
24,21,2,4,4,2,4,0,110,1,2,5,5,1.1981,77.57660000000003,52.93
25,8,0,0,0,0,0,0,42,1,0,1,1,2.30344,35.916000000000004,0.0
26,15,4,4,3,3,5,2,76,2,0,2,2,2.1154699999999997,63.086800000000004,74.79
27,11,0,2,2,0,2,3,60,1,0,1,1,1.1857,46.49500000000003,16.130000000000003
28,17,1,5,4,1,5,2,88,2,0,2,2,1.42302,63.373300000000015,72.19
29,40,4,7,6,4,8,9,218,2,1,4,4,4.747620000000005,160.5924999999997,101.9
30,20,1,5,4,1,5,1,100,2,1,4,4,2.6512200000000004,76.32520000000002,58.120000000000005
31,6,0,0,0,0,0,3,38,0,0,0,0,2.5866000000000007,29.81599999999998,0.0
32,12,0,2,2,0,2,1,64,1,1,2,2,1.8483,48.842000000000034,16.130000000000003
33,30,0,5,4,0,6,6,158,2,2,4,4,3.559300000000002,114.92750000000004,43.86
34,9,0,0,0,0,0,6,56,0,0,0,0,3.7569000000000026,43.667000000000016,0.0
35,20,1,2,3,1,4,4,104,2,1,3,3,4.552200000000004,87.56670000000004,15.27
36,20,1,4,2,1,5,1,100,2,1,3,3,3.3469000000000015,78.28670000000002,49.410000000000004
37,19,1,3,2,1,4,1,94,2,1,3,3,3.129500000000001,77.02970000000002,41.46
38,11,1,2,2,1,2,1,58,1,1,2,2,1.5061,44.21470000000003,24.92
39,24,1,2,4,1,4,4,126,2,2,4,4,5.4009000000000045,106.00470000000007,15.27
40,32,1,6,6,1,6,13,174,2,0,2,2,4.750880000000004,127.02870000000007,72.74000000000001
41,12,2,5,3,2,5,1,66,0,1,1,1,-0.23130000000000006,40.0794,75.27000000000001
42,8,0,0,0,0,0,5,50,0,0,0,0,3.3668000000000022,39.05,0.0
43,22,1,4,5,1,5,0,114,2,2,4,4,3.4392200000000015,94.04770000000005,30.869999999999997
44,19,1,2,2,1,3,0,96,2,2,4,4,3.9163000000000032,76.31970000000004,21.259999999999998
45,20,0,2,2,0,3,0,102,2,2,4,4,4.258500000000003,80.94700000000005,12.47
46,17,2,5,3,2,5,6,96,0,1,1,1,1.7192,63.16440000000003,75.27000000000001
47,20,2,4,3,2,5,1,100,2,1,3,3,2.447900000000001,78.16950000000003,61.69
48,3,0,1,1,0,1,0,18,0,1,1,1,0.016600000000000004,10.819,12.53
49,8,0,0,0,0,0,0,42,1,0,1,1,2.30344,35.916,0.0
50,31,1,7,7,1,8,4,164,3,2,5,5,3.0813200000000016,113.51380000000005,84.39
51,11,2,3,2,2,3,1,58,1,0,1,1,1.3505999999999998,42.41050000000002,49.33
52,13,1,6,5,1,6,0,68,2,0,2,2,-1.0397,46.575700000000005,72.68
53,30,1,5,4,1,7,6,158,2,2,4,4,3.9796000000000022,118.00020000000005,52.650000000000006
54,5,0,0,0,0,0,2,32,0,0,0,0,2.1965000000000003,25.19899999999999,0.0
55,21,1,2,2,1,2,2,114,1,1,3,3,3.882600000000003,87.73580000000005,23.47
56,16,2,5,3,2,5,4,90,0,1,1,1,1.1849999999999998,58.477400000000024,75.27000000000001
57,9,0,2,2,0,2,4,54,0,0,0,0,1.7397,36.157999999999994,26.3
58,10,0,4,4,0,4,0,54,1,1,2,2,0.39949999999999997,35.372,43.6
59,6,0,0,0,0,4,0,36,0,0,0,0,3.0682,30.438000000000002,0.0
60,11,1,1,1,1,1,3,60,1,0,1,1,1.837,48.66770000000003,12.03
61,18,0,1,1,0,1,2,98,1,1,3,3,4.331900000000004,76.62900000000006,3.24
62,21,0,3,3,0,4,4,110,2,1,3,3,3.2565000000000017,87.73540000000006,23.55
63,25,1,5,4,1,5,2,130,2,2,4,4,3.6666000000000025,99.32070000000004,44.81
64,23,1,4,4,1,4,5,118,3,0,3,3,3.6764000000000028,91.64280000000004,47.16
65,13,0,2,1,0,2,1,70,1,0,1,1,2.414300000000001,54.98840000000004,26.07
66,20,1,5,4,1,5,1,108,1,2,3,3,1.7739,78.31570000000005,44.81
67,25,0,3,2,0,4,4,128,3,0,3,3,5.425700000000005,104.03550000000003,33.2
68,16,2,4,2,2,4,2,84,1,1,2,2,0.5378999999999994,59.56340000000003,58.2
69,17,2,4,4,1,4,6,94,1,0,1,1,1.7673999999999999,68.92490000000004,55.56
70,20,0,2,3,0,3,4,104,2,1,3,3,4.241000000000003,87.18400000000005,6.48
71,3,0,0,0,0,0,0,18,0,0,0,0,1.1923000000000001,15.871000000000002,0.0
72,13,1,1,1,1,1,2,72,1,0,1,1,3.6390000000000033,56.28480000000005,20.23
73,19,2,3,3,2,3,6,102,2,0,2,2,2.577500000000001,78.58850000000005,41.489999999999995
74,7,0,2,2,0,2,2,42,0,0,0,0,0.9595,26.923999999999985,26.3
75,11,1,1,1,1,1,3,66,0,0,1,1,2.5647,49.71370000000003,12.03
76,9,0,0,0,0,0,0,48,1,0,1,1,2.611860000000001,40.65300000000001,0.0
77,8,0,0,0,0,0,0,42,1,0,1,1,2.30344,35.916,0.0
78,16,0,0,0,0,0,0,74,4,0,4,4,4.584000000000002,70.14600000000003,0.0
79,21,0,4,4,0,4,7,112,2,0,2,2,2.6584000000000003,86.83500000000006,28.6
80,24,1,3,3,1,3,4,126,2,0,5,5,4.5152000000000045,95.87980000000006,42.35000000000001
81,21,1,7,6,1,8,9,118,1,0,1,1,1.4689999999999999,85.48410000000004,83.91
82,17,5,9,8,4,9,3,94,1,1,2,2,-3.0114999999999994,51.54930000000002,143.72000000000003
83,13,2,3,3,1,3,3,70,1,0,1,1,1.8356,51.42790000000002,52.32
84,30,0,6,6,0,7,4,158,3,2,5,5,3.5904200000000026,112.25800000000008,64.16
85,18,0,4,3,0,4,4,100,1,0,1,1,2.7597000000000014,72.87200000000004,32.78
86,22,0,6,6,0,7,1,116,2,1,3,3,2.4747000000000003,82.40700000000002,64.43
87,20,1,4,3,1,4,4,108,1,1,3,3,2.6201000000000008,76.24570000000006,47.56
88,17,4,4,4,4,4,4,96,1,0,1,1,1.3059999999999998,66.74510000000004,72.72
89,10,2,3,2,2,3,1,52,1,0,1,1,1.0903999999999998,35.06609999999999,57.53
90,14,3,5,3,3,5,3,74,1,0,1,1,0.20659999999999973,48.07580000000001,86.63000000000001
91,49,6,11,7,5,11,12,262,3,1,5,5,3.0924000000000005,188.21379999999948,166.75
92,22,1,5,5,1,5,4,118,1,3,4,4,0.9180999999999993,79.38280000000005,62.3
93,6,1,1,1,1,1,2,38,0,0,0,0,1.0248,26.54079999999999,20.23
94,17,2,5,3,2,5,5,94,0,1,1,1,1.3510999999999997,63.00040000000002,75.27000000000001
95,20,1,1,1,1,3,2,104,2,0,3,3,5.179600000000003,85.78170000000004,12.03
96,12,0,1,1,0,8,2,74,0,0,0,0,2.4232000000000005,22.958,9.23
97,5,3,2,2,2,3,0,30,0,0,0,0,0.24287000000000009,25.429100000000002,49.870000000000005
98,18,3,5,4,3,6,6,102,1,0,1,1,1.0895,73.00700000000003,78.42999999999999
99,29,1,5,4,1,6,6,152,2,2,4,4,3.217100000000001,110.30020000000003,52.650000000000006
100,14,2,3,3,2,5,1,74,1,1,2,2,2.3645000000000005,60.38940000000002,36.42
101,16,2,6,5,2,6,2,86,1,1,2,2,-0.7090800000000002,56.19550000000002,84.32000000000001
102,27,0,4,5,0,6,4,144,2,2,4,4,4.567200000000004,112.00880000000005,40.620000000000005
103,10,0,1,1,0,7,2,62,0,0,0,0,2.0835,18.040000000000003,9.23
104,19,2,4,2,2,4,2,94,2,1,3,3,1.7696,70.33840000000004,58.2
105,28,0,2,2,0,2,8,144,3,0,3,3,5.996100000000006,119.58200000000005,12.47
106,10,0,0,0,0,0,0,60,0,0,1,1,3.6128000000000027,46.03000000000002,0.0
107,7,0,0,0,0,5,0,44,0,0,0,0,2.2392000000000003,19.878,0.0
108,28,2,6,5,2,7,8,146,3,0,3,3,3.9648400000000024,114.73940000000005,83.56
109,22,0,1,1,0,1,4,114,2,0,2,2,4.877300000000004,96.65300000000006,3.24
110,35,2,3,3,2,3,8,186,3,1,4,4,6.445800000000009,144.38259999999988,43.7
111,7,0,1,1,0,1,2,44,0,0,0,0,1.8214000000000001,31.37899999999998,9.23
112,5,1,1,1,1,1,0,32,0,0,0,0,0.7771999999999999,21.971799999999995,20.23
113,10,0,0,0,0,0,0,54,1,0,1,1,2.9841000000000015,45.14200000000003,0.0
114,7,0,1,1,0,1,1,44,0,0,0,0,1.8214000000000001,31.37899999999998,9.23
115,6,0,1,1,0,1,0,38,0,0,0,0,1.4313,26.761999999999986,9.23
116,13,1,6,5,1,6,0,68,2,0,2,2,-1.0397,46.575700000000005,72.68
117,8,2,2,3,1,3,2,44,1,0,1,1,0.6442999999999999,34.872399999999985,38.91
118,16,2,4,3,2,5,4,90,0,1,1,1,1.3498999999999994,65.67940000000003,58.2
119,25,0,2,4,0,4,4,132,2,2,4,4,5.8856000000000055,110.68000000000005,6.48
120,23,1,2,2,1,2,0,124,0,0,4,4,3.882600000000004,90.49280000000005,37.3
121,16,2,3,3,2,3,6,90,1,0,1,1,1.7327199999999996,65.81950000000003,41.489999999999995
122,7,0,0,0,0,0,0,36,1,0,1,1,1.99502,31.17899999999999,0.0
123,22,1,2,1,1,2,5,120,0,0,1,1,5.602600000000005,93.76180000000005,37.3
124,5,0,0,0,0,3,0,30,0,0,0,0,2.5017000000000005,25.642,0.0
125,30,1,4,5,1,8,6,162,2,2,4,4,4.308100000000004,113.59780000000006,29.950000000000003
126,9,0,1,1,0,4,0,48,1,0,1,1,1.4989,24.111,12.89
127,24,0,2,3,0,6,4,128,2,1,3,3,5.259800000000004,92.18600000000006,6.48
128,3,0,0,0,0,0,0,18,0,0,1,1,1.1703,13.851000000000003,0.0
129,9,0,0,0,0,0,0,54,0,0,1,1,3.0786000000000016,41.343,0.0
130,4,4,3,1,2,3,0,24,0,0,0,0,-0.9762,13.7708,69.11
131,33,0,6,6,0,6,13,180,2,0,2,2,5.093080000000005,131.656,63.95
132,8,0,0,0,0,0,1,40,1,0,1,1,2.3296,36.53300000000001,0.0
133,8,1,2,3,1,3,2,44,1,0,1,1,1.5749,36.2777,24.92
134,15,3,6,6,2,6,2,82,1,1,2,2,-0.5046000000000004,53.13920000000002,90.36999999999999
135,28,1,3,3,1,3,6,148,2,2,4,4,5.309900000000005,115.87720000000003,32.34
136,19,2,9,6,2,9,3,102,1,1,2,2,-0.3648000000000002,63.90350000000003,126.57000000000002
137,14,2,2,3,1,3,3,72,2,0,2,2,2.3113,60.30840000000002,38.91
138,27,1,4,5,1,5,8,142,3,1,4,4,5.163200000000005,113.79170000000005,37.39
139,23,0,4,3,0,4,3,118,3,0,3,3,3.2488400000000013,92.50000000000006,37.61000000000001
140,7,3,2,2,2,4,2,42,0,0,0,0,0.5825700000000003,30.3471,49.870000000000005
141,7,0,0,0,0,0,3,44,0,0,0,0,2.832600000000001,34.362999999999985,0.0
142,7,0,0,0,0,0,3,41,0,0,0,0,2.41927,33.481999999999985,0.0
143,7,0,0,0,0,0,0,42,0,0,1,1,2.5866000000000007,32.24899999999998,0.0
144,7,0,0,0,0,0,4,44,0,0,0,0,2.976700000000002,34.432999999999986,0.0
145,7,0,2,2,0,2,1,42,0,0,0,0,0.9579,26.901999999999987,26.3
146,8,0,0,0,0,5,1,50,0,0,0,0,2.8986,29.239999999999995,0.0
147,8,0,0,0,0,0,5,48,0,0,0,0,3.142800000000002,38.955999999999996,0.0
148,8,0,0,0,0,0,4,50,0,0,0,0,3.2227000000000023,38.98,0.0
149,8,0,2,2,0,2,3,48,0,0,0,0,1.3496000000000001,31.540999999999983,26.3
150,8,0,0,0,0,5,1,50,0,0,0,0,2.6293000000000006,24.494999999999997,0.0
151,8,0,0,0,0,0,1,42,1,0,1,1,2.2490000000000006,35.82,0.0
152,8,0,1,1,0,4,2,48,0,0,0,0,1.7087999999999999,22.203999999999994,9.23
153,8,0,0,0,0,0,0,48,0,0,1,1,2.832600000000001,36.79599999999999,0.0
154,8,0,2,2,0,2,2,48,0,0,0,0,1.2055,31.470999999999982,26.3
155,9,0,0,0,0,0,6,54,0,0,0,0,3.5329000000000024,43.57300000000001,0.0
156,9,0,0,0,0,0,5,56,0,0,0,0,3.6128000000000027,43.59700000000001,0.0
157,9,0,2,2,0,2,3,54,0,0,0,0,1.5956,36.087999999999994,26.3
158,10,0,1,1,0,7,3,62,0,0,0,0,2.3528000000000002,22.784999999999997,9.23
159,10,0,1,1,0,7,2,62,0,0,0,0,2.3528000000000002,22.785,9.23
160,10,0,2,2,0,2,7,58,0,0,0,0,2.0868,41.53200000000002,18.46
161,10,0,0,0,0,0,7,60,0,0,0,0,3.9230000000000036,48.190000000000026,0.0
162,10,0,0,0,0,0,6,62,0,0,0,0,4.002900000000003,48.21400000000003,0.0
163,10,2,1,1,1,1,2,54,1,0,1,1,1.5763,43.79540000000002,26.02
164,10,1,2,2,1,2,3,54,1,0,1,1,0.8434999999999999,41.86770000000002,24.92
165,10,4,4,3,3,5,1,54,1,0,1,1,0.7568900000000001,42.3878,74.79
166,10,0,0,0,0,0,7,62,0,0,0,0,4.147000000000004,48.28400000000003,0.0
167,10,1,1,1,1,1,0,52,1,1,2,2,2.0446999999999997,43.25270000000002,12.03
168,11,0,0,0,0,4,0,60,1,0,1,1,3.3588000000000005,36.45400000000001,0.0
169,11,3,4,3,3,4,1,58,1,0,1,1,0.7959999999999998,36.730900000000005,77.76
170,12,1,5,3,1,7,5,70,0,0,0,0,1.157,47.33970000000001,61.77
171,12,2,3,3,1,3,2,62,2,0,2,2,0.8354999999999998,47.950400000000016,43.32
172,12,2,3,3,1,3,2,64,1,0,1,1,1.4455,46.81090000000002,52.32
173,12,2,3,2,1,3,3,64,1,0,1,1,1.1842,46.128900000000016,52.32
174,13,2,4,2,2,4,0,72,0,1,2,2,-0.06630000000000041,46.946400000000025,58.2
175,13,1,4,3,1,4,2,68,1,0,1,1,1.3101,44.71030000000002,63.6
176,13,2,5,3,2,5,2,72,0,1,1,1,0.15879999999999989,44.69640000000001,75.27000000000001
177,13,0,3,2,0,3,1,68,1,1,2,2,1.3749,48.98200000000003,33.2
178,14,3,3,2,2,3,4,76,1,0,1,1,1.1596000000000002,54.44120000000003,63.32000000000001
179,14,2,5,3,2,5,3,78,0,1,1,1,0.5488999999999998,49.313400000000016,75.27000000000001
180,14,0,3,3,0,3,1,72,2,0,2,2,1.4844199999999999,55.74700000000003,26.93
181,14,2,3,3,1,3,4,76,1,0,1,1,2.2257,56.04490000000003,52.32
182,14,2,3,3,2,5,1,74,1,1,2,2,2.3645000000000005,60.389400000000016,36.42
183,14,1,3,3,1,3,0,74,1,2,3,3,0.5549999999999997,54.41970000000003,34.03
184,15,1,3,3,1,4,0,80,1,2,3,3,1.276,62.267700000000026,34.03
185,15,1,2,1,1,2,2,74,2,0,2,2,3.051800000000001,58.83730000000002,37.3
186,15,0,3,3,0,4,1,78,2,0,2,2,1.6235199999999999,55.70500000000002,26.93
187,15,0,3,3,0,4,1,78,2,0,2,2,2.08902,68.46400000000003,26.93
188,15,2,2,2,1,2,0,76,2,0,3,3,2.6958,62.79740000000003,38.91
189,15,2,5,3,2,5,4,84,0,1,1,1,0.9389999999999997,53.93040000000002,75.27000000000001
190,15,1,7,6,1,8,6,84,1,0,1,1,0.09579999999999983,46.815200000000026,90.42
191,15,1,2,1,1,2,4,82,1,0,1,1,3.073200000000001,61.03480000000004,37.3
192,16,2,5,3,2,5,5,90,0,1,1,1,1.3290999999999995,58.547400000000025,75.27000000000001
193,16,4,8,7,3,8,4,86,2,0,2,2,-1.3317999999999997,55.5989,119.05
194,16,2,5,3,2,5,4,90,0,1,1,1,1.1849999999999998,58.477400000000024,75.27000000000001
195,16,1,2,2,1,3,3,88,1,0,1,1,3.2993000000000023,68.13320000000004,29.1
196,16,6,5,4,4,6,2,82,2,0,2,2,1.6976699999999998,67.4992,100.80999999999999
197,17,0,2,2,0,3,3,94,1,1,2,2,3.211700000000002,82.69800000000005,6.48
198,17,2,2,2,2,3,6,96,1,0,1,1,4.712000000000003,85.91040000000004,24.06
199,17,2,6,5,2,7,2,94,1,1,2,2,-0.5370800000000002,56.56850000000002,84.32000000000001
200,17,0,4,4,0,4,2,90,2,0,2,2,1.55042,70.07400000000004,30.17
201,17,2,2,2,2,2,2,88,2,0,2,2,3.4237000000000024,68.34160000000003,40.46
202,17,1,3,3,1,7,1,94,1,1,2,2,2.1633999999999993,59.33170000000001,28.16
203,17,2,7,6,2,7,2,90,2,1,3,3,-0.21050000000000008,58.37850000000002,93.03
204,17,1,5,3,1,5,1,92,0,1,2,2,1.2012999999999998,60.966700000000024,66.48
205,17,1,3,2,1,3,5,94,1,0,1,1,2.5837400000000006,72.33370000000004,32.34
206,18,2,5,3,2,5,7,102,0,1,1,1,2.1093,67.78140000000003,75.27000000000001
207,18,2,3,3,2,3,8,100,1,0,1,1,2.1528000000000005,74.98350000000003,41.489999999999995
208,18,2,3,1,1,3,0,88,2,1,3,3,3.3872000000000018,73.53440000000002,46.33
209,18,1,3,3,1,3,6,100,1,1,2,2,2.4337000000000013,72.76780000000005,32.7
210,18,3,3,4,2,5,1,90,3,0,3,3,3.855700000000002,83.85020000000002,59.14
211,19,1,3,2,1,5,9,106,1,0,1,1,3.3779000000000012,80.66880000000005,40.54
212,19,5,6,4,4,7,3,98,2,0,2,2,2.0738699999999994,77.39050000000002,103.89
213,19,2,5,4,2,7,6,102,1,0,1,1,2.11348,82.82640000000002,73.1
214,19,2,4,2,1,4,0,94,2,2,4,4,3.0294000000000008,71.17340000000003,58.86
215,19,2,3,1,1,3,0,94,2,1,4,4,3.4879000000000024,74.70540000000004,46.33
216,19,2,4,4,2,4,1,94,3,0,3,3,2.8712000000000018,71.24960000000002,70.67
217,19,1,3,2,1,4,1,94,2,1,3,3,3.129500000000001,77.02970000000003,41.46
218,19,1,2,3,1,3,4,98,2,1,3,3,3.898800000000003,82.55670000000005,15.27
219,19,2,2,3,1,4,3,98,2,1,3,3,4.291500000000003,82.69440000000003,29.259999999999998
220,19,2,2,2,1,2,3,98,2,1,3,3,3.272100000000001,80.96940000000004,29.259999999999998
221,19,0,2,2,0,2,6,100,2,0,2,2,3.3542000000000023,79.23300000000006,12.47
222,19,1,2,2,1,2,0,102,1,1,4,4,3.0804000000000022,76.48180000000005,23.47
223,19,1,5,3,1,5,3,102,0,1,1,1,1.3065999999999998,70.78670000000002,66.48
224,19,2,4,4,2,4,9,108,1,0,1,1,1.6131999999999997,76.66250000000004,50.72
225,20,6,8,6,5,10,6,108,1,0,1,1,0.32775,83.92320000000001,135.0
226,20,2,2,3,1,4,5,106,2,0,2,2,3.998000000000002,85.42540000000004,29.259999999999998
227,20,0,3,3,0,4,5,106,1,1,2,2,3.597780000000003,88.97600000000004,36.26
228,20,2,3,3,1,3,4,100,3,0,3,3,4.070700000000003,81.18740000000004,52.05
229,20,1,2,2,1,2,4,104,2,1,3,3,3.5328000000000026,85.84170000000005,15.27
230,20,0,3,2,0,4,1,100,2,1,3,3,3.1538000000000013,81.81000000000003,32.67
231,20,0,3,3,0,3,6,106,2,0,2,2,2.923300000000001,81.63900000000005,25.36
232,21,2,2,2,2,3,0,114,1,0,4,4,3.557200000000003,79.00960000000005,40.46
233,21,2,3,3,2,3,4,110,2,1,3,3,3.2384000000000026,87.50650000000005,35.5
234,21,0,1,1,0,1,3,108,2,0,3,3,4.168600000000003,90.54200000000006,3.24
235,21,1,4,4,1,4,4,114,1,2,3,3,1.9309,79.95580000000005,49.769999999999996
236,21,1,4,3,1,4,7,116,1,1,2,2,2.5775000000000006,84.36570000000005,41.57
237,21,0,2,3,0,4,4,110,2,1,3,3,4.894400000000004,92.19400000000005,6.48
238,21,2,3,3,2,3,0,108,2,2,4,4,3.065420000000002,81.81950000000003,41.489999999999995
239,21,0,4,2,0,5,1,106,2,1,3,3,3.3712000000000018,83.06700000000002,40.620000000000005
240,21,1,4,4,1,4,1,112,1,2,4,4,1.8503000000000003,79.80280000000005,41.93000000000001
241,21,0,2,2,0,2,4,110,2,1,3,3,3.8750000000000027,90.46900000000007,6.48
242,21,2,4,3,2,6,1,106,2,1,3,3,3.1013000000000015,83.17950000000002,61.69
243,22,6,8,5,5,9,3,112,2,0,2,2,1.5838499999999995,88.81720000000001,135.0
244,22,0,4,4,0,5,1,108,3,1,4,4,3.5801200000000017,86.89100000000002,43.07
245,22,1,3,3,1,3,0,114,2,2,4,4,3.4076200000000028,86.44680000000004,32.7
246,22,2,4,4,2,4,11,124,1,0,2,2,2.393400000000001,88.32950000000005,50.72
247,22,0,5,5,0,5,3,118,1,2,3,3,1.8676999999999997,80.34150000000005,55.84
248,22,0,6,5,0,7,2,114,2,1,3,3,1.7737,75.27600000000002,64.43
249,22,1,2,2,1,5,6,118,2,0,2,2,4.435000000000003,79.79870000000004,21.259999999999998
250,22,2,4,4,1,7,9,124,1,0,1,1,3.201500000000001,78.71440000000003,56.84
251,23,0,3,3,0,5,9,130,1,0,1,1,4.635000000000004,98.87800000000007,29.54
252,23,0,4,4,0,6,1,120,2,1,4,4,4.1914200000000035,92.47100000000005,43.07
253,23,1,5,5,1,6,1,114,3,1,4,4,3.0710200000000007,88.1468,63.3
254,23,1,5,5,1,6,2,114,3,1,4,4,2.7640000000000007,88.07680000000002,63.3
255,23,1,2,2,1,2,5,124,1,1,4,4,3.9624000000000037,94.09080000000006,23.47
256,23,1,4,5,1,5,8,124,2,1,3,3,4.0100000000000025,96.28570000000006,37.39
257,23,0,6,5,0,8,2,120,2,1,3,3,2.0693,75.30500000000002,64.43
258,23,0,6,4,0,7,2,116,2,1,3,3,2.5477000000000007,83.41240000000002,75.81
259,23,1,5,4,1,5,2,122,2,2,4,4,2.3184000000000005,90.39220000000006,50.160000000000004
260,24,1,4,4,1,6,2,120,3,1,4,4,3.508100000000002,90.23980000000003,50.41
261,24,1,4,4,1,6,1,120,3,1,4,4,3.815120000000002,90.30980000000002,50.41
262,24,3,6,5,3,6,10,134,1,0,1,1,2.3655,94.62470000000005,87.66
263,24,1,4,4,1,4,8,128,2,1,3,3,3.948500000000003,98.40870000000005,37.39
264,24,0,6,5,0,8,4,126,2,1,3,3,2.1134000000000004,80.19400000000003,64.43
265,25,0,7,6,0,8,2,128,3,1,4,4,3.2847000000000017,91.75250000000003,77.05
266,25,0,3,2,0,3,6,132,2,1,3,3,4.136700000000003,103.82700000000006,23.550000000000004
267,25,1,5,4,1,6,4,128,3,0,3,3,3.9273200000000026,95.74730000000005,68.53
268,26,1,4,3,1,4,8,138,2,1,3,3,3.871400000000003,104.45720000000004,41.57
269,26,0,6,5,0,7,1,136,2,2,4,4,3.8808000000000034,99.44400000000005,64.43
270,26,1,3,3,1,5,6,138,2,1,3,3,4.5347000000000035,103.67730000000003,40.54
271,26,1,8,7,1,9,2,134,3,1,4,4,2.3887000000000005,92.90830000000003,97.28
272,26,0,5,4,0,8,6,144,1,2,3,3,2.625000000000001,92.94000000000007,39.68000000000001
273,26,1,3,3,1,5,6,138,2,1,3,3,4.425600000000004,100.98730000000005,40.54
274,26,1,4,4,1,5,8,140,2,1,3,3,3.055900000000001,105.65480000000005,35.940000000000005
275,26,2,3,3,2,9,2,142,2,1,3,3,4.447900000000003,82.34850000000003,45.150000000000006
276,26,0,3,4,0,5,4,138,2,2,4,4,4.901100000000005,111.23140000000005,23.55
277,27,1,5,4,1,6,8,144,2,1,3,3,3.1482000000000028,106.20480000000005,53.01
278,27,2,9,8,2,10,3,140,3,1,4,4,1.3611000000000002,94.32010000000002,117.51000000000002
279,27,1,5,5,1,5,8,142,3,1,4,4,4.6947000000000045,108.18070000000004,50.53
280,28,0,7,6,0,7,6,152,1,2,4,4,2.0881999999999996,106.77400000000004,69.64000000000001
281,28,0,4,4,0,4,6,148,2,1,4,4,4.361100000000004,110.13050000000004,38.769999999999996
282,28,2,7,6,2,7,9,146,3,0,3,3,2.902520000000001,108.85440000000003,92.79
283,29,1,3,2,1,3,5,144,4,0,4,4,6.091320000000005,118.85620000000003,41.99
284,29,0,4,5,0,5,7,154,2,2,4,4,4.9096000000000055,121.80550000000008,26.790000000000006
285,29,0,5,5,0,7,6,154,2,2,4,4,4.086300000000003,125.56350000000003,43.86
286,29,2,7,7,2,8,10,154,3,0,3,3,3.064020000000001,117.38840000000005,87.05
287,30,2,7,5,2,8,5,156,4,1,5,5,3.353200000000001,119.45540000000003,78.82
288,30,2,7,6,2,8,6,160,2,2,4,4,1.5098000000000003,110.82500000000005,74.27000000000001
289,31,1,7,7,1,8,4,164,3,2,5,5,2.5612200000000005,113.64780000000005,84.39
290,31,0,5,4,0,7,6,164,2,2,4,4,4.321800000000004,122.62750000000004,43.86
291,32,2,6,6,2,7,10,166,4,0,4,4,4.513800000000003,132.36239999999995,74.16
292,32,0,5,4,0,7,7,170,2,2,4,4,4.711900000000004,127.24450000000006,43.86
293,32,2,4,3,1,4,7,164,3,2,5,5,3.9575000000000022,126.75040000000006,55.56
294,34,2,4,3,2,4,1,190,0,0,5,5,6.412600000000007,133.07160000000005,74.6
295,35,4,9,7,3,10,11,192,2,1,3,3,2.4028,133.23270000000002,131.19000000000003
296,36,6,15,15,5,19,9,192,2,2,4,4,-2.3441999999999954,127.87250000000006,223.08999999999997
297,39,7,12,12,6,12,5,208,2,1,5,5,0.0013000000000004674,131.75440000000012,206.07
298,45,4,9,7,4,9,11,240,3,1,5,5,2.866900000000004,174.06699999999955,118.03000000000002
299,5,0,0,0,0,3,0,32,0,0,0,0,2.376500000000001,25.963999999999995,0.0
300,5,0,0,0,0,3,1,32,0,0,0,0,2.0289,26.213999999999995,0.0
301,5,0,0,0,0,3,0,30,0,0,0,0,1.9630999999999998,16.152,0.0
302,5,1,1,1,1,1,2,32,0,0,0,0,0.7787999999999999,21.993799999999997,20.23
303,5,0,1,1,0,1,1,30,0,0,0,0,0.9854,20.971999999999994,17.07
304,5,0,1,1,0,1,2,28,0,0,0,0,1.29,21.478999999999992,9.23
305,5,0,1,1,0,1,2,32,0,0,0,0,1.0428000000000002,22.166999999999994,9.23
306,5,1,1,1,1,1,1,32,0,0,0,0,0.6347,21.923799999999996,20.23
307,5,0,2,2,0,2,0,30,0,0,0,0,0.17930000000000001,17.689999999999998,26.3
308,6,0,0,0,0,4,0,38,0,0,0,0,2.5954000000000006,31.009999999999998,0.0
309,6,1,1,1,1,1,3,38,0,0,0,0,1.1689,26.61079999999999,20.23
310,6,0,0,0,0,0,0,38,0,0,0,0,2.442500000000001,29.74599999999998,0.0
311,6,0,0,0,0,0,2,38,0,0,0,0,2.442500000000001,29.74599999999998,0.0
312,6,0,1,1,0,1,2,36,0,0,0,0,1.3755,25.588999999999988,17.07
313,6,0,0,0,0,0,2,38,0,0,0,0,2.442500000000001,29.74599999999998,0.0
314,6,1,1,1,1,1,1,38,0,0,0,0,1.1673,26.58879999999999,20.23
315,6,0,0,0,0,0,0,30,1,0,1,1,1.6866,26.441999999999993,0.0
316,6,0,0,0,0,0,0,36,0,0,1,1,2.3406000000000002,27.701999999999984,0.0
317,6,0,2,2,0,2,1,36,0,0,0,0,0.5694,22.30699999999999,26.3
318,6,0,0,0,0,0,0,36,0,0,1,1,2.1965000000000003,27.631999999999984,0.0
319,20,0,2,2,0,2,0,102,2,2,4,4,2.5391600000000007,81.65200000000006,6.48
320,23,0,3,3,0,5,1,114,3,1,4,4,3.915370000000002,87.32900000000004,30.18
321,19,1,7,6,1,7,2,98,2,1,3,3,-0.021260000000000112,60.21030000000002,86.99000000000001
322,20,0,3,3,0,3,0,102,2,2,4,4,1.9341599999999997,79.44700000000005,19.37
323,21,2,4,4,2,4,0,110,1,2,5,5,0.1638599999999999,75.82460000000003,52.93
324,8,0,0,0,0,0,0,42,1,0,1,1,2.19402,35.384,0.0
325,15,4,4,3,3,5,2,76,2,0,2,2,1.3548399999999998,60.9408,74.79
326,11,0,2,2,0,2,3,60,1,0,1,1,1.13099,46.229000000000035,16.130000000000003
327,17,1,5,4,1,5,2,88,2,0,2,2,1.78507,60.74330000000002,72.19
328,40,4,7,6,4,8,9,218,2,1,4,4,4.0677800000000035,160.02049999999969,101.9
329,20,1,5,4,1,5,1,100,2,1,4,4,1.39997,73.32120000000002,58.120000000000005
330,6,0,0,0,0,0,3,38,0,0,0,0,2.5866000000000007,29.81599999999998,0.0
331,12,0,2,2,0,2,1,64,1,1,2,2,1.79359,48.576000000000036,16.130000000000003
332,30,0,5,4,0,6,6,158,2,2,4,4,3.1239800000000013,113.83750000000003,43.86
333,9,0,0,0,0,0,6,56,0,0,0,0,3.7569000000000026,43.667000000000016,0.0
334,20,1,2,3,1,4,4,104,2,1,3,3,3.5749600000000026,87.05870000000004,15.27
335,20,1,4,2,1,5,1,100,2,1,3,3,2.20507,75.81470000000003,49.410000000000004
336,19,1,3,2,1,4,1,94,2,1,3,3,2.639470000000001,75.67370000000003,41.46
337,11,1,2,2,1,2,1,58,1,1,2,2,1.4513900000000002,43.948700000000024,24.92
338,24,1,2,4,1,4,4,126,2,2,4,4,4.315650000000003,106.06670000000005,15.27
339,32,1,6,6,1,6,13,174,2,0,2,2,2.7918200000000013,124.05670000000006,72.74000000000001
340,12,2,5,3,2,5,1,66,0,1,1,1,-0.23130000000000006,40.0794,75.27000000000001
341,8,0,0,0,0,0,5,50,0,0,0,0,3.3668000000000022,39.05,0.0
342,22,1,4,5,1,5,0,114,2,2,4,4,2.18797,91.04370000000006,30.869999999999997
343,19,1,2,2,1,3,0,96,2,2,4,4,2.882060000000001,74.56770000000003,21.259999999999998
344,20,0,2,2,0,3,0,102,2,2,4,4,3.224260000000002,79.19500000000005,12.47
345,17,2,5,3,2,5,6,96,0,1,1,1,1.7192,63.16440000000003,75.27000000000001
346,20,2,4,3,2,5,1,100,2,1,3,3,1.9578700000000002,76.81350000000002,61.69
347,3,0,1,1,0,1,0,18,0,1,1,1,0.016600000000000004,10.819,12.53
348,8,0,0,0,0,0,0,42,1,0,1,1,2.19402,35.38399999999999,0.0
349,31,1,7,7,1,8,4,164,3,2,5,5,3.3339500000000015,110.35180000000004,84.39
350,11,2,3,2,2,3,1,58,1,0,1,1,0.5075799999999999,40.976500000000016,49.33
351,13,1,6,5,1,6,0,68,2,0,2,2,0.3316599999999998,44.58570000000001,72.68
352,30,1,5,4,1,7,6,158,2,2,4,4,3.5442800000000023,116.91020000000005,52.650000000000006
353,5,0,0,0,0,0,2,32,0,0,0,0,2.1965000000000003,25.19899999999999,0.0
354,21,1,2,2,1,2,2,114,1,1,3,3,3.310770000000003,86.59380000000004,23.47
355,16,2,5,3,2,5,4,90,0,1,1,1,1.1849999999999998,58.477400000000024,75.27000000000001
356,9,0,2,2,0,2,4,54,0,0,0,0,1.7397,36.157999999999994,26.3
357,10,0,4,4,0,4,0,54,1,1,2,2,0.3447899999999998,35.105999999999995,43.6
358,6,0,0,0,0,4,0,36,0,0,0,0,3.0682,30.438000000000002,0.0
359,11,1,1,1,1,1,3,60,1,0,1,1,1.78229,48.401700000000034,12.03
360,18,0,1,1,0,1,2,98,1,1,3,3,4.277190000000004,76.36300000000006,3.24
361,21,0,3,3,0,4,4,110,2,1,3,3,2.27926,87.22740000000006,23.55
362,25,1,5,4,1,5,2,130,2,2,4,4,2.3882600000000007,96.79670000000006,44.81
363,23,1,4,4,1,4,5,118,3,0,3,3,3.6791500000000026,89.55280000000003,47.16
364,13,0,2,1,0,2,1,70,1,0,1,1,2.35959,54.722400000000036,26.07
365,20,1,5,4,1,5,1,108,1,2,3,3,0.8761699999999999,76.61570000000005,44.81
366,25,0,3,2,0,4,4,128,3,0,3,3,4.562550000000004,100.24150000000006,33.2
367,16,2,4,2,2,4,2,84,1,1,2,2,0.4831899999999996,59.297400000000025,58.2
368,17,2,4,4,1,4,6,94,1,0,1,1,1.33208,67.83490000000003,55.56
369,20,0,2,3,0,3,4,104,2,1,3,3,3.263760000000002,86.67600000000006,6.48
370,3,0,0,0,0,0,0,18,0,0,0,0,1.1923000000000001,15.871000000000002,0.0
371,13,1,1,1,1,1,2,72,1,0,1,1,3.067170000000002,55.142800000000044,20.23
372,19,2,3,3,2,3,6,102,2,0,2,2,1.6866699999999997,75.77250000000004,41.489999999999995
373,7,0,2,2,0,2,2,42,0,0,0,0,0.9595,26.923999999999985,26.3
374,11,1,1,1,1,1,3,66,0,0,1,1,2.5647,49.71370000000003,12.03
375,9,0,0,0,0,0,0,48,1,0,1,1,2.447730000000001,39.85500000000001,0.0
376,8,0,0,0,0,0,0,42,1,0,1,1,2.19402,35.384,0.0
377,16,0,0,0,0,0,0,74,4,0,4,4,3.2987400000000022,63.528000000000034,0.0
378,21,0,4,4,0,4,7,112,2,0,2,2,1.7606699999999997,85.13500000000006,28.6
379,24,1,3,3,1,3,4,126,2,0,5,5,3.5696600000000025,92.79780000000007,42.35000000000001
380,21,1,7,6,1,8,9,118,1,0,1,1,1.3595799999999996,84.95210000000004,83.91
381,17,5,9,8,4,9,3,94,1,1,2,2,-3.0662099999999994,51.28330000000002,143.72000000000003
382,13,2,3,3,1,3,3,70,1,0,1,1,1.40028,50.33790000000002,52.32
383,30,0,6,6,0,7,4,158,3,2,5,5,3.8430500000000025,109.09600000000006,64.16
384,18,0,4,3,0,4,4,100,1,0,1,1,2.2425800000000002,71.99600000000005,32.78
385,22,0,6,6,0,7,1,116,2,1,3,3,2.1205600000000002,80.94800000000004,64.43
386,20,1,4,3,1,4,4,108,1,1,3,3,1.6405699999999994,74.75970000000005,47.56
387,17,4,4,4,4,4,4,96,1,0,1,1,0.7341699999999998,65.60310000000003,72.72
388,10,2,3,2,2,3,1,52,1,0,1,1,0.5732799999999998,34.190099999999994,57.53
389,14,3,5,3,3,5,3,74,1,0,1,1,-0.31052000000000035,47.19980000000001,86.63000000000001
390,49,6,11,7,5,11,12,262,3,1,5,5,2.5545600000000013,185.47579999999948,166.75
391,22,1,5,5,1,5,4,118,1,3,4,4,0.8633899999999992,79.11680000000004,62.3
392,6,1,1,1,1,1,2,38,0,0,0,0,1.0248,26.54079999999999,20.23
393,17,2,5,3,2,5,5,94,0,1,1,1,1.3510999999999997,63.00040000000002,75.27000000000001
394,20,1,1,1,1,3,2,104,2,0,3,3,5.015470000000003,84.98370000000004,12.03
395,12,0,1,1,0,8,2,74,0,0,0,0,2.4232000000000005,22.958,9.23
396,5,3,2,2,2,3,0,30,0,0,0,0,0.24287000000000009,25.429100000000002,49.870000000000005
397,18,3,5,4,3,6,6,102,1,0,1,1,0.65418,71.91700000000003,78.42999999999999
398,29,1,5,4,1,6,6,152,2,2,4,4,2.7817800000000004,109.21020000000004,52.650000000000006
399,14,2,3,3,2,5,1,74,1,1,2,2,1.9838899999999997,59.56540000000002,36.42
400,16,2,6,5,2,6,2,86,1,1,2,2,1.03599,56.14550000000002,84.32000000000001
401,27,0,4,5,0,6,4,144,2,2,4,4,3.481950000000003,112.07080000000005,40.620000000000005
402,10,0,1,1,0,7,2,62,0,0,0,0,2.0835,18.040000000000003,9.23
403,19,2,4,2,2,4,2,94,2,1,3,3,1.66018,69.80640000000004,58.2
404,28,0,2,2,0,2,8,144,3,0,3,3,5.369560000000005,118.17400000000004,12.47
405,10,0,0,0,0,0,0,60,0,0,1,1,3.6128000000000027,46.03000000000002,0.0
406,7,0,0,0,0,5,0,44,0,0,0,0,2.2392000000000003,19.878,0.0
407,28,2,6,5,2,7,8,146,3,0,3,3,4.210570000000002,112.69340000000003,83.56
408,22,0,1,1,0,1,4,114,2,0,2,2,4.394170000000004,94.18100000000005,3.24
409,35,2,3,3,2,3,8,186,3,1,4,4,6.226960000000009,143.3185999999999,43.7
410,7,0,1,1,0,1,2,44,0,0,0,0,1.8214000000000001,31.37899999999998,9.23
411,5,1,1,1,1,1,0,32,0,0,0,0,0.7771999999999999,21.971799999999995,20.23
412,10,0,0,0,0,0,0,54,1,0,1,1,2.9293900000000015,44.87600000000003,0.0
413,7,0,1,1,0,1,1,44,0,0,0,0,1.8214000000000001,31.37899999999998,9.23
414,6,0,1,1,0,1,0,38,0,0,0,0,1.4313,26.761999999999986,9.23
415,13,1,6,5,1,6,0,68,2,0,2,2,0.3316599999999998,44.58570000000001,72.68
416,8,2,2,3,1,3,2,44,1,0,1,1,0.5895900000000001,34.60639999999999,38.91
417,16,2,4,3,2,5,4,90,0,1,1,1,1.3498999999999994,65.67940000000003,58.2
418,25,0,2,4,0,4,4,132,2,2,4,4,4.800350000000004,110.74200000000005,6.48
419,23,1,2,2,1,2,0,124,0,0,4,4,3.882600000000004,90.49280000000005,37.3
420,16,2,3,3,2,3,6,90,1,0,1,1,1.2156,64.94350000000004,41.489999999999995
421,7,0,0,0,0,0,0,36,1,0,1,1,1.94031,30.91299999999999,0.0
422,22,1,2,1,1,2,5,120,0,0,1,1,5.602600000000005,93.76180000000005,37.3
423,5,0,0,0,0,3,0,30,0,0,0,0,2.5017000000000005,25.642,0.0
424,30,1,4,5,1,8,6,162,2,2,4,4,3.2761500000000017,112.82380000000006,29.950000000000003
425,9,0,1,1,0,4,0,48,1,0,1,1,1.4989,24.111,12.89
426,24,0,2,3,0,6,4,128,2,1,3,3,4.227850000000004,91.41200000000006,6.48
427,3,0,0,0,0,0,0,18,0,0,1,1,1.1703,13.851000000000003,0.0
428,9,0,0,0,0,0,0,54,0,0,1,1,3.0786000000000016,41.343,0.0
429,4,4,3,1,2,3,0,24,0,0,0,0,-0.9762,13.7708,69.11
430,33,0,6,6,0,6,13,180,2,0,2,2,3.1340200000000022,128.68400000000005,63.95
431,8,0,0,0,0,0,1,40,1,0,1,1,2.27489,36.26700000000001,0.0
432,8,1,2,3,1,3,2,44,1,0,1,1,1.19429,35.4537,24.92
433,15,3,6,6,2,6,2,82,1,1,2,2,0.014679999999999915,52.42320000000002,90.36999999999999
434,28,1,3,3,1,3,6,148,2,2,4,4,4.765160000000004,114.25520000000004,32.34
435,19,2,9,6,2,9,3,102,1,1,2,2,1.3802699999999999,63.85350000000003,126.57000000000002
436,14,2,2,3,1,3,3,72,2,0,2,2,1.8765699999999998,58.72040000000002,38.91
437,27,1,4,5,1,5,8,142,3,1,4,4,3.8370500000000023,109.88570000000004,37.39
438,23,0,4,3,0,4,3,118,3,0,3,3,2.49048,89.27700000000004,37.61000000000001
439,7,3,2,2,2,4,2,42,0,0,0,0,0.5825700000000003,30.3471,49.870000000000005
440,7,0,0,0,0,0,3,44,0,0,0,0,2.832600000000001,34.362999999999985,0.0
441,7,0,0,0,0,0,3,41,0,0,0,0,2.41927,33.481999999999985,0.0
442,7,0,0,0,0,0,0,42,0,0,1,1,2.5866000000000007,32.24899999999998,0.0
443,7,0,0,0,0,0,4,44,0,0,0,0,2.976700000000002,34.432999999999986,0.0
444,7,0,2,2,0,2,1,42,0,0,0,0,0.9579,26.901999999999987,26.3
445,8,0,0,0,0,5,1,50,0,0,0,0,2.8986,29.239999999999995,0.0
446,8,0,0,0,0,0,5,48,0,0,0,0,3.142800000000002,38.955999999999996,0.0
447,8,0,0,0,0,0,4,50,0,0,0,0,3.2227000000000023,38.98,0.0
448,8,0,2,2,0,2,3,48,0,0,0,0,1.3496000000000001,31.540999999999983,26.3
449,8,0,0,0,0,5,1,50,0,0,0,0,2.6293000000000006,24.494999999999997,0.0
450,8,0,0,0,0,0,1,42,1,0,1,1,2.1942900000000005,35.554,0.0
451,8,0,1,1,0,4,2,48,0,0,0,0,1.7087999999999999,22.203999999999994,9.23
452,8,0,0,0,0,0,0,48,0,0,1,1,2.832600000000001,36.79599999999999,0.0
453,8,0,2,2,0,2,2,48,0,0,0,0,1.2055,31.470999999999982,26.3
454,9,0,0,0,0,0,6,54,0,0,0,0,3.5329000000000024,43.57300000000001,0.0
455,9,0,0,0,0,0,5,56,0,0,0,0,3.6128000000000027,43.59700000000001,0.0
456,9,0,2,2,0,2,3,54,0,0,0,0,1.5956,36.087999999999994,26.3
457,10,0,1,1,0,7,3,62,0,0,0,0,2.3528000000000002,22.784999999999997,9.23
458,10,0,1,1,0,7,2,62,0,0,0,0,2.3528000000000002,22.785,9.23
459,10,0,2,2,0,2,7,58,0,0,0,0,2.0868,41.53200000000002,18.46
460,10,0,0,0,0,0,7,60,0,0,0,0,3.9230000000000036,48.190000000000026,0.0
461,10,0,0,0,0,0,6,62,0,0,0,0,4.002900000000003,48.21400000000003,0.0
462,10,2,1,1,1,1,2,54,1,0,1,1,1.52159,43.52940000000002,26.02
463,10,1,2,2,1,2,3,54,1,0,1,1,0.7887899999999999,41.60170000000002,24.92
464,10,4,4,3,3,5,1,54,1,0,1,1,0.32157000000000013,41.297799999999995,74.79
465,10,0,0,0,0,0,7,62,0,0,0,0,4.147000000000004,48.28400000000003,0.0
466,10,1,1,1,1,1,0,52,1,1,2,2,1.60938,42.162700000000015,12.03
467,11,0,0,0,0,4,0,60,1,0,1,1,3.3040900000000004,36.18800000000001,0.0
468,11,3,4,3,3,4,1,58,1,0,1,1,-0.18353000000000003,35.244899999999994,77.76
469,12,1,5,3,1,7,5,70,0,0,0,0,1.157,47.33970000000001,61.77
470,12,2,3,3,1,3,2,62,2,0,2,2,0.5665799999999996,46.58140000000002,43.32
471,12,2,3,3,1,3,2,64,1,0,1,1,1.01018,45.72090000000002,52.32
472,12,2,3,2,1,3,3,64,1,0,1,1,0.66708,45.25290000000002,52.32
473,13,2,4,2,2,4,0,72,0,1,2,2,-0.06630000000000041,46.946400000000025,58.2
474,13,1,4,3,1,4,2,68,1,0,1,1,0.79298,43.83430000000001,63.6
475,13,2,5,3,2,5,2,72,0,1,1,1,0.15879999999999989,44.69640000000001,75.27000000000001
476,13,0,3,2,0,3,1,68,1,1,2,2,1.3201900000000002,48.71600000000003,33.2
477,14,3,3,2,2,3,4,76,1,0,1,1,1.1048900000000001,54.175200000000025,63.32000000000001
478,14,2,5,3,2,5,3,78,0,1,1,1,0.5488999999999998,49.313400000000016,75.27000000000001
479,14,0,3,3,0,3,1,72,2,0,2,2,2.13959,54.928000000000026,26.93
480,14,2,3,3,1,3,4,76,1,0,1,1,1.7903799999999999,54.95490000000002,52.32
481,14,2,3,3,2,5,1,74,1,1,2,2,1.9838899999999997,59.56540000000002,36.42
482,14,1,3,3,1,3,0,74,1,2,3,3,1.40018,54.261700000000026,34.03
483,15,1,3,3,1,4,0,80,1,2,3,3,2.12118,62.109700000000025,34.03
484,15,1,2,1,1,2,2,74,2,0,2,2,2.61707,57.24930000000002,37.3
485,15,0,3,3,0,4,1,78,2,0,2,2,2.27869,54.88600000000002,26.93
486,15,0,3,3,0,4,1,78,2,0,2,2,2.7441900000000015,67.64500000000002,26.93
487,15,2,2,2,1,2,0,76,2,0,3,3,1.7773499999999998,59.23540000000003,38.91
488,15,2,5,3,2,5,4,84,0,1,1,1,0.9389999999999997,53.93040000000002,75.27000000000001
489,15,1,7,6,1,8,6,84,1,0,1,1,-0.28480999999999995,45.99120000000002,90.42
490,15,1,2,1,1,2,4,82,1,0,1,1,2.9637800000000007,60.502800000000036,37.3
491,16,2,5,3,2,5,5,90,0,1,1,1,1.3290999999999995,58.547400000000025,75.27000000000001
492,16,4,8,7,3,8,4,86,2,0,2,2,-1.2409399999999997,52.67690000000001,119.05
493,16,2,5,3,2,5,4,90,0,1,1,1,1.1849999999999998,58.477400000000024,75.27000000000001
494,16,1,2,2,1,3,3,88,1,0,1,1,3.2445900000000023,67.86720000000004,29.1
495,16,6,5,4,4,6,2,82,2,0,2,2,0.55643,64.5292,100.80999999999999
496,17,0,2,2,0,3,3,94,1,1,2,2,2.8310900000000014,81.87400000000004,6.48
497,17,2,2,2,2,3,6,96,1,0,1,1,3.9507800000000026,84.26240000000004,24.06
498,17,2,6,5,2,7,2,94,1,1,2,2,1.20799,56.518500000000024,84.32000000000001
499,17,0,4,4,0,4,2,90,2,0,2,2,1.82498,68.43100000000004,30.17
500,17,2,2,2,2,2,2,88,2,0,2,2,2.389460000000001,66.58960000000003,40.46
501,17,1,3,3,1,7,1,94,1,1,2,2,1.7280800000000003,58.24170000000001,28.16
502,17,2,7,6,2,7,2,90,2,1,3,3,0.2609699999999999,56.28050000000002,93.03
503,17,1,5,3,1,5,1,92,0,1,2,2,1.2012999999999998,60.966700000000024,66.48
504,17,1,3,2,1,3,5,94,1,0,1,1,2.0937099999999997,70.97770000000004,32.34
505,18,2,5,3,2,5,7,102,0,1,1,1,2.1093,67.78140000000003,75.27000000000001
506,18,2,3,3,2,3,8,100,1,0,1,1,1.6356799999999996,74.10750000000003,41.489999999999995
507,18,2,3,1,1,3,0,88,2,1,3,3,2.51656,71.35440000000003,46.33
508,18,1,3,3,1,3,6,100,1,1,2,2,1.9165800000000002,71.89180000000005,32.7
509,18,3,3,4,2,5,1,90,3,0,3,3,2.20424,78.88820000000001,59.14
510,19,1,3,2,1,5,9,106,1,0,1,1,2.9425800000000013,79.57880000000004,40.54
511,19,5,6,4,4,7,3,98,2,0,2,2,0.9326299999999998,74.4205,103.89
512,19,2,5,4,2,7,6,102,1,0,1,1,2.05877,82.56040000000003,73.1
513,19,2,4,2,1,4,0,94,2,2,4,4,2.15876,68.99340000000002,58.86
514,19,2,3,1,1,3,0,94,2,1,4,4,2.617260000000001,72.52540000000003,46.33
515,19,2,4,4,2,4,1,94,3,0,3,3,2.0378299999999996,66.60960000000003,70.67
516,19,1,3,2,1,4,1,94,2,1,3,3,2.63947,75.67370000000003,41.46
517,19,1,2,3,1,3,4,98,2,1,3,3,2.9215600000000013,82.04870000000005,15.27
518,19,2,2,3,1,4,3,98,2,1,3,3,3.314260000000001,82.18640000000003,29.259999999999998
519,19,2,2,2,1,2,3,98,2,1,3,3,2.40146,78.78940000000003,29.259999999999998
520,19,0,2,2,0,2,6,100,2,0,2,2,3.244780000000002,78.70100000000005,12.47
521,19,1,2,2,1,2,0,102,1,1,4,4,2.508570000000001,75.33980000000005,23.47
522,19,1,5,3,1,5,3,102,0,1,1,1,1.3065999999999998,70.78670000000002,66.48
523,19,2,4,4,2,4,9,108,1,0,1,1,1.0960799999999995,75.78650000000005,50.72
524,20,6,8,6,5,10,6,108,1,0,1,1,-0.10756999999999961,82.8332,135.0
525,20,2,2,3,1,4,5,106,2,0,2,2,2.966050000000001,84.65140000000004,29.259999999999998
526,20,0,3,3,0,4,5,106,1,1,2,2,3.0806600000000017,88.10000000000004,36.26
527,20,2,3,3,1,3,4,100,3,0,3,3,3.2075500000000012,77.39340000000003,52.05
528,20,1,2,2,1,2,4,104,2,1,3,3,2.662160000000001,83.66170000000007,15.27
529,20,0,3,2,0,4,1,100,2,1,3,3,2.6637700000000013,80.45400000000004,32.67
530,20,0,3,3,0,3,6,106,2,0,2,2,2.813880000000001,81.10700000000004,25.36
531,21,2,2,2,2,3,0,114,1,0,4,4,2.985370000000002,77.86760000000005,40.46
532,21,2,3,3,2,3,4,110,2,1,3,3,1.9053499999999999,84.71650000000004,35.5
533,21,0,1,1,0,1,3,108,2,0,3,3,3.949760000000003,89.47800000000007,3.24
534,21,1,4,4,1,4,4,114,1,2,3,3,1.87619,79.68980000000005,49.769999999999996
535,21,1,4,3,1,4,7,116,1,1,2,2,2.0603799999999994,83.48970000000006,41.57
536,21,0,2,3,0,4,4,110,2,1,3,3,3.9171600000000026,91.68600000000005,6.48
537,21,2,3,3,2,3,0,108,2,2,4,4,1.9764700000000004,79.80150000000003,41.489999999999995
538,21,0,4,2,0,5,1,106,2,1,3,3,2.2293700000000003,80.59500000000003,40.620000000000005
539,21,1,4,4,1,4,1,112,1,2,4,4,0.8160600000000002,78.05080000000005,41.93000000000001
540,21,0,2,2,0,2,4,110,2,1,3,3,3.004360000000001,88.28900000000006,6.48
541,21,2,4,3,2,6,1,106,2,1,3,3,2.6112700000000006,81.82350000000001,61.69
542,22,6,8,5,5,9,3,112,2,0,2,2,0.44261,85.8472,135.0
543,22,0,4,4,0,5,1,108,3,1,4,4,3.1712700000000016,85.16600000000001,43.07
544,22,1,3,3,1,3,0,114,2,2,4,4,2.3186700000000005,84.42880000000004,32.7
545,22,2,4,4,2,4,11,124,1,0,2,2,1.87628,87.45350000000006,50.72
546,22,0,5,5,0,5,3,118,1,2,3,3,1.8129899999999997,80.07550000000005,55.84
547,22,0,6,5,0,7,2,114,2,1,3,3,1.4195600000000002,73.81700000000002,64.43
548,22,1,2,2,1,5,6,118,2,0,2,2,3.863170000000003,78.65670000000004,21.259999999999998
549,22,2,4,4,1,7,9,124,1,0,1,1,3.092080000000001,78.18240000000003,56.84
550,23,0,3,3,0,5,9,130,1,0,1,1,4.199680000000003,97.78800000000007,29.54
551,23,0,4,4,0,6,1,120,2,1,4,4,4.027290000000003,91.67300000000004,43.07
552,23,1,5,5,1,6,1,114,3,1,4,4,2.6621700000000006,86.4218,63.3
553,23,1,5,5,1,6,2,114,3,1,4,4,2.3551500000000005,86.35180000000003,63.3
554,23,1,2,2,1,2,5,124,1,1,4,4,3.9076900000000037,93.82480000000005,23.47
555,23,1,4,5,1,5,8,124,2,1,3,3,3.1122700000000014,94.58570000000006,37.39
556,23,0,6,5,0,8,2,120,2,1,3,3,1.71516,73.84600000000002,64.43
557,23,0,6,4,0,7,2,116,2,1,3,3,1.6770600000000002,81.23240000000003,75.81
558,23,1,5,4,1,5,2,122,2,2,4,4,1.8352699999999997,87.92020000000005,50.160000000000004
559,24,1,4,4,1,6,2,120,3,1,4,4,3.099250000000002,88.51480000000004,50.41
560,24,1,4,4,1,6,1,120,3,1,4,4,3.406270000000002,88.58480000000003,50.41
561,24,3,6,5,3,6,10,134,1,0,1,1,1.4677699999999996,92.92470000000004,87.66
562,24,1,4,4,1,4,8,128,2,1,3,3,3.050770000000001,96.70870000000006,37.39
563,24,0,6,5,0,8,4,126,2,1,3,3,1.7592600000000003,78.73500000000001,64.43
564,25,0,7,6,0,8,2,128,3,1,4,4,2.5505400000000007,88.97150000000003,77.05
565,25,0,3,2,0,3,6,132,2,1,3,3,3.701380000000002,102.73700000000007,23.550000000000004
566,25,1,5,4,1,6,4,128,3,0,3,3,2.8723600000000005,92.13330000000006,68.53
567,26,1,4,3,1,4,8,138,2,1,3,3,3.299570000000002,103.31520000000005,41.57
568,26,0,6,5,0,7,1,136,2,2,4,4,3.5266600000000023,97.98500000000004,64.43
569,26,1,3,3,1,5,6,138,2,1,3,3,4.425280000000003,103.14530000000003,40.54
570,26,1,8,7,1,9,2,134,3,1,4,4,1.6545399999999997,90.12730000000003,97.28
571,26,0,5,4,0,8,6,144,1,2,3,3,2.189680000000001,91.85000000000007,39.68000000000001
572,26,1,3,3,1,5,6,138,2,1,3,3,4.316180000000004,100.45530000000005,40.54
573,26,1,4,4,1,5,8,140,2,1,3,3,2.946480000000001,105.12280000000004,35.940000000000005
574,26,2,3,3,2,9,2,142,2,1,3,3,3.8553500000000027,79.34450000000001,45.150000000000006
575,26,0,3,4,0,5,4,138,2,2,4,4,3.815850000000003,111.29340000000005,23.55
576,27,1,5,4,1,6,8,144,2,1,3,3,3.038780000000002,105.67280000000007,53.01
577,27,2,9,8,2,10,3,140,3,1,4,4,0.6269399999999996,91.53910000000002,117.51000000000002
578,27,1,5,5,1,5,8,142,3,1,4,4,3.3685500000000017,104.27470000000004,50.53
579,28,0,7,6,0,7,6,152,1,2,4,4,1.70759,105.95000000000005,69.64000000000001
580,28,0,4,4,0,4,6,148,2,1,4,4,3.2721500000000017,108.11250000000005,38.769999999999996
581,28,2,7,6,2,7,9,146,3,0,3,3,2.7405500000000007,106.46440000000003,92.79
582,29,1,3,2,1,3,5,144,4,0,4,4,5.118750000000005,114.53020000000002,41.99
583,29,0,4,5,0,5,7,154,2,2,4,4,3.8776500000000036,121.03150000000008,26.790000000000006
584,29,0,5,5,0,7,6,154,2,2,4,4,3.6509800000000032,124.47350000000003,43.86
585,29,2,7,7,2,8,10,154,3,0,3,3,3.309750000000001,115.34240000000004,87.05
586,30,2,7,5,2,8,5,156,4,1,5,5,4.296140000000004,115.2594,78.82
587,30,2,7,6,2,8,6,160,2,2,4,4,0.14966000000000174,108.51500000000004,74.27000000000001
588,31,1,7,7,1,8,4,164,3,2,5,5,2.8138500000000013,110.48580000000004,84.39
589,31,0,5,4,0,7,6,164,2,2,4,4,3.8864800000000033,121.53750000000002,43.86
590,32,2,6,6,2,7,10,166,4,0,4,4,4.3858200000000025,128.3764,74.16
591,32,0,5,4,0,7,7,170,2,2,4,4,4.276580000000004,126.15450000000006,43.86
592,32,2,4,3,1,4,7,164,3,2,5,5,3.276250000000002,125.07640000000004,55.56
593,34,2,4,3,2,4,1,190,0,0,5,5,6.412600000000007,133.07160000000005,74.6
594,35,4,9,7,3,10,11,192,2,1,3,3,1.8594700000000002,132.7127,131.19000000000003
595,36,6,15,15,5,19,9,192,2,2,4,4,-0.6524299999999992,128.65850000000006,223.08999999999997
596,39,7,12,12,6,12,5,208,2,1,5,5,-1.7141899999999977,128.32840000000007,206.07
597,45,4,9,7,4,9,11,240,3,1,5,5,2.6480600000000036,173.00299999999953,118.03000000000002
598,5,0,0,0,0,3,0,32,0,0,0,0,2.376500000000001,25.963999999999995,0.0
599,5,0,0,0,0,3,1,32,0,0,0,0,2.0289,26.213999999999995,0.0
600,5,0,0,0,0,3,0,30,0,0,0,0,1.9630999999999998,16.152,0.0
601,5,1,1,1,1,1,2,32,0,0,0,0,0.7787999999999999,21.993799999999997,20.23
602,5,0,1,1,0,1,1,30,0,0,0,0,0.9854,20.971999999999994,17.07
603,5,0,1,1,0,1,2,28,0,0,0,0,1.29,21.478999999999992,9.23
604,5,0,1,1,0,1,2,32,0,0,0,0,1.0428000000000002,22.166999999999994,9.23
605,5,1,1,1,1,1,1,32,0,0,0,0,0.6347,21.923799999999996,20.23
606,5,0,2,2,0,2,0,30,0,0,0,0,0.17930000000000001,17.689999999999998,26.3
607,6,0,0,0,0,4,0,38,0,0,0,0,2.5954000000000006,31.009999999999998,0.0
608,6,1,1,1,1,1,3,38,0,0,0,0,1.1689,26.61079999999999,20.23
609,6,0,0,0,0,0,0,38,0,0,0,0,2.442500000000001,29.74599999999998,0.0
610,6,0,0,0,0,0,2,38,0,0,0,0,2.442500000000001,29.74599999999998,0.0
611,6,0,1,1,0,1,2,36,0,0,0,0,1.3755,25.588999999999988,17.07
612,6,0,0,0,0,0,2,38,0,0,0,0,2.442500000000001,29.74599999999998,0.0
613,6,1,1,1,1,1,1,38,0,0,0,0,1.1673,26.58879999999999,20.23
614,6,0,0,0,0,0,0,30,1,0,1,1,1.6866,26.441999999999993,0.0
615,6,0,0,0,0,0,0,36,0,0,1,1,2.3406000000000002,27.701999999999984,0.0
616,6,0,2,2,0,2,1,36,0,0,0,0,0.5694,22.30699999999999,26.3
617,6,0,0,0,0,0,0,36,0,0,1,1,2.1965000000000003,27.631999999999984,0.0
618,20,0,2,2,0,2,0,102,2,2,4,4,2.5391600000000007,81.65200000000006,6.48
619,23,0,3,3,0,5,1,114,3,1,4,4,3.915370000000002,87.32900000000004,30.18
620,19,1,7,6,1,7,2,98,2,1,3,3,-0.021260000000000112,60.21030000000002,86.99000000000001
621,20,0,3,3,0,3,0,102,2,2,4,4,1.9341599999999997,79.44700000000005,19.37
622,21,2,4,4,2,4,0,110,1,2,5,5,0.1638599999999999,75.82460000000003,52.93
623,8,0,0,0,0,0,0,42,1,0,1,1,2.19402,35.384,0.0
624,15,4,4,3,3,5,2,76,2,0,2,2,1.3548399999999998,60.9408,74.79
625,11,0,2,2,0,2,3,60,1,0,1,1,1.13099,46.229000000000035,16.130000000000003
626,17,1,5,4,1,5,2,88,2,0,2,2,1.78507,60.74330000000002,72.19
627,40,4,7,6,4,8,9,218,2,1,4,4,4.0677800000000035,160.02049999999969,101.9
628,20,1,5,4,1,5,1,100,2,1,4,4,1.39997,73.32120000000002,58.120000000000005
629,6,0,0,0,0,0,3,38,0,0,0,0,2.5866000000000007,29.81599999999998,0.0
630,12,0,2,2,0,2,1,64,1,1,2,2,1.79359,48.576000000000036,16.130000000000003
631,30,0,5,4,0,6,6,158,2,2,4,4,3.1239800000000013,113.83750000000003,43.86
632,9,0,0,0,0,0,6,56,0,0,0,0,3.7569000000000026,43.667000000000016,0.0
633,20,1,2,3,1,4,4,104,2,1,3,3,3.5749600000000026,87.05870000000004,15.27
634,20,1,4,2,1,5,1,100,2,1,3,3,2.20507,75.81470000000003,49.410000000000004
635,19,1,3,2,1,4,1,94,2,1,3,3,2.639470000000001,75.67370000000003,41.46
636,11,1,2,2,1,2,1,58,1,1,2,2,1.4513900000000002,43.948700000000024,24.92
637,24,1,2,4,1,4,4,126,2,2,4,4,4.315650000000003,106.06670000000005,15.27
638,32,1,6,6,1,6,13,174,2,0,2,2,2.7918200000000013,124.05670000000006,72.74000000000001
639,12,2,5,3,2,5,1,66,0,1,1,1,-0.23130000000000006,40.0794,75.27000000000001
640,8,0,0,0,0,0,5,50,0,0,0,0,3.3668000000000022,39.05,0.0
641,22,1,4,5,1,5,0,114,2,2,4,4,2.18797,91.04370000000006,30.869999999999997
642,19,1,2,2,1,3,0,96,2,2,4,4,2.882060000000001,74.56770000000003,21.259999999999998
643,20,0,2,2,0,3,0,102,2,2,4,4,3.224260000000002,79.19500000000005,12.47
644,17,2,5,3,2,5,6,96,0,1,1,1,1.7192,63.16440000000003,75.27000000000001
645,20,2,4,3,2,5,1,100,2,1,3,3,1.9578700000000002,76.81350000000002,61.69
646,3,0,1,1,0,1,0,18,0,1,1,1,0.016600000000000004,10.819,12.53
647,8,0,0,0,0,0,0,42,1,0,1,1,2.19402,35.38399999999999,0.0
648,31,1,7,7,1,8,4,164,3,2,5,5,3.3339500000000015,110.35180000000004,84.39
649,11,2,3,2,2,3,1,58,1,0,1,1,0.5075799999999999,40.976500000000016,49.33
650,13,1,6,5,1,6,0,68,2,0,2,2,0.3316599999999998,44.58570000000001,72.68
651,30,1,5,4,1,7,6,158,2,2,4,4,3.5442800000000023,116.91020000000005,52.650000000000006
652,5,0,0,0,0,0,2,32,0,0,0,0,2.1965000000000003,25.19899999999999,0.0
653,21,1,2,2,1,2,2,114,1,1,3,3,3.310770000000003,86.59380000000004,23.47
654,16,2,5,3,2,5,4,90,0,1,1,1,1.1849999999999998,58.477400000000024,75.27000000000001
655,9,0,2,2,0,2,4,54,0,0,0,0,1.7397,36.157999999999994,26.3
656,10,0,4,4,0,4,0,54,1,1,2,2,0.3447899999999998,35.105999999999995,43.6
657,6,0,0,0,0,4,0,36,0,0,0,0,3.0682,30.438000000000002,0.0
658,11,1,1,1,1,1,3,60,1,0,1,1,1.78229,48.401700000000034,12.03
659,18,0,1,1,0,1,2,98,1,1,3,3,4.277190000000004,76.36300000000006,3.24
660,21,0,3,3,0,4,4,110,2,1,3,3,2.27926,87.22740000000006,23.55
661,25,1,5,4,1,5,2,130,2,2,4,4,2.3882600000000007,96.79670000000006,44.81
662,23,1,4,4,1,4,5,118,3,0,3,3,3.6791500000000026,89.55280000000003,47.16
663,13,0,2,1,0,2,1,70,1,0,1,1,2.35959,54.722400000000036,26.07
664,20,1,5,4,1,5,1,108,1,2,3,3,0.8761699999999999,76.61570000000005,44.81
665,25,0,3,2,0,4,4,128,3,0,3,3,4.562550000000004,100.24150000000006,33.2
666,16,2,4,2,2,4,2,84,1,1,2,2,0.4831899999999996,59.297400000000025,58.2
667,17,2,4,4,1,4,6,94,1,0,1,1,1.33208,67.83490000000003,55.56
668,20,0,2,3,0,3,4,104,2,1,3,3,3.263760000000002,86.67600000000006,6.48
669,3,0,0,0,0,0,0,18,0,0,0,0,1.1923000000000001,15.871000000000002,0.0
670,13,1,1,1,1,1,2,72,1,0,1,1,3.067170000000002,55.142800000000044,20.23
671,19,2,3,3,2,3,6,102,2,0,2,2,1.6866699999999997,75.77250000000004,41.489999999999995
672,7,0,2,2,0,2,2,42,0,0,0,0,0.9595,26.923999999999985,26.3
673,11,1,1,1,1,1,3,66,0,0,1,1,2.5647,49.71370000000003,12.03
674,9,0,0,0,0,0,0,48,1,0,1,1,2.447730000000001,39.85500000000001,0.0
675,8,0,0,0,0,0,0,42,1,0,1,1,2.19402,35.384,0.0
676,16,0,0,0,0,0,0,74,4,0,4,4,3.2987400000000022,63.528000000000034,0.0
677,21,0,4,4,0,4,7,112,2,0,2,2,1.7606699999999997,85.13500000000006,28.6
678,24,1,3,3,1,3,4,126,2,0,5,5,3.5696600000000025,92.79780000000007,42.35000000000001
679,21,1,7,6,1,8,9,118,1,0,1,1,1.3595799999999996,84.95210000000004,83.91
680,17,5,9,8,4,9,3,94,1,1,2,2,-3.0662099999999994,51.28330000000002,143.72000000000003
681,13,2,3,3,1,3,3,70,1,0,1,1,1.40028,50.33790000000002,52.32
682,30,0,6,6,0,7,4,158,3,2,5,5,3.8430500000000025,109.09600000000006,64.16
683,18,0,4,3,0,4,4,100,1,0,1,1,2.2425800000000002,71.99600000000005,32.78
684,22,0,6,6,0,7,1,116,2,1,3,3,2.1205600000000002,80.94800000000004,64.43
685,20,1,4,3,1,4,4,108,1,1,3,3,1.6405699999999994,74.75970000000005,47.56
686,17,4,4,4,4,4,4,96,1,0,1,1,0.7341699999999998,65.60310000000003,72.72
687,10,2,3,2,2,3,1,52,1,0,1,1,0.5732799999999998,34.190099999999994,57.53
688,14,3,5,3,3,5,3,74,1,0,1,1,-0.31052000000000035,47.19980000000001,86.63000000000001
689,49,6,11,7,5,11,12,262,3,1,5,5,2.5545600000000013,185.47579999999948,166.75
690,22,1,5,5,1,5,4,118,1,3,4,4,0.8633899999999992,79.11680000000004,62.3
691,6,1,1,1,1,1,2,38,0,0,0,0,1.0248,26.54079999999999,20.23
692,17,2,5,3,2,5,5,94,0,1,1,1,1.3510999999999997,63.00040000000002,75.27000000000001
693,20,1,1,1,1,3,2,104,2,0,3,3,5.015470000000003,84.98370000000004,12.03
694,12,0,1,1,0,8,2,74,0,0,0,0,2.4232000000000005,22.958,9.23
695,5,3,2,2,2,3,0,30,0,0,0,0,0.24287000000000009,25.429100000000002,49.870000000000005
696,18,3,5,4,3,6,6,102,1,0,1,1,0.65418,71.91700000000003,78.42999999999999
697,29,1,5,4,1,6,6,152,2,2,4,4,2.7817800000000004,109.21020000000004,52.650000000000006
698,14,2,3,3,2,5,1,74,1,1,2,2,1.9838899999999997,59.56540000000002,36.42
699,16,2,6,5,2,6,2,86,1,1,2,2,1.03599,56.14550000000002,84.32000000000001
700,27,0,4,5,0,6,4,144,2,2,4,4,3.481950000000003,112.07080000000005,40.620000000000005
701,10,0,1,1,0,7,2,62,0,0,0,0,2.0835,18.040000000000003,9.23
702,19,2,4,2,2,4,2,94,2,1,3,3,1.66018,69.80640000000004,58.2
703,28,0,2,2,0,2,8,144,3,0,3,3,5.369560000000005,118.17400000000004,12.47
704,10,0,0,0,0,0,0,60,0,0,1,1,3.6128000000000027,46.03000000000002,0.0
705,7,0,0,0,0,5,0,44,0,0,0,0,2.2392000000000003,19.878,0.0
706,28,2,6,5,2,7,8,146,3,0,3,3,4.210570000000002,112.69340000000003,83.56
707,22,0,1,1,0,1,4,114,2,0,2,2,4.394170000000004,94.18100000000005,3.24
708,35,2,3,3,2,3,8,186,3,1,4,4,6.226960000000009,143.3185999999999,43.7
709,7,0,1,1,0,1,2,44,0,0,0,0,1.8214000000000001,31.37899999999998,9.23
710,5,1,1,1,1,1,0,32,0,0,0,0,0.7771999999999999,21.971799999999995,20.23
711,10,0,0,0,0,0,0,54,1,0,1,1,2.9293900000000015,44.87600000000003,0.0
712,7,0,1,1,0,1,1,44,0,0,0,0,1.8214000000000001,31.37899999999998,9.23
713,6,0,1,1,0,1,0,38,0,0,0,0,1.4313,26.761999999999986,9.23
714,13,1,6,5,1,6,0,68,2,0,2,2,0.3316599999999998,44.58570000000001,72.68
715,8,2,2,3,1,3,2,44,1,0,1,1,0.5895900000000001,34.60639999999999,38.91
716,16,2,4,3,2,5,4,90,0,1,1,1,1.3498999999999994,65.67940000000003,58.2
717,25,0,2,4,0,4,4,132,2,2,4,4,4.800350000000004,110.74200000000005,6.48
718,23,1,2,2,1,2,0,124,0,0,4,4,3.882600000000004,90.49280000000005,37.3
719,16,2,3,3,2,3,6,90,1,0,1,1,1.2156,64.94350000000004,41.489999999999995
720,7,0,0,0,0,0,0,36,1,0,1,1,1.94031,30.91299999999999,0.0
721,22,1,2,1,1,2,5,120,0,0,1,1,5.602600000000005,93.76180000000005,37.3
722,5,0,0,0,0,3,0,30,0,0,0,0,2.5017000000000005,25.642,0.0
723,30,1,4,5,1,8,6,162,2,2,4,4,3.2761500000000017,112.82380000000006,29.950000000000003
724,9,0,1,1,0,4,0,48,1,0,1,1,1.4989,24.111,12.89
725,24,0,2,3,0,6,4,128,2,1,3,3,4.227850000000004,91.41200000000006,6.48
726,3,0,0,0,0,0,0,18,0,0,1,1,1.1703,13.851000000000003,0.0
727,9,0,0,0,0,0,0,54,0,0,1,1,3.0786000000000016,41.343,0.0
728,4,4,3,1,2,3,0,24,0,0,0,0,-0.9762,13.7708,69.11
729,33,0,6,6,0,6,13,180,2,0,2,2,3.1340200000000022,128.68400000000005,63.95
730,8,0,0,0,0,0,1,40,1,0,1,1,2.27489,36.26700000000001,0.0
731,8,1,2,3,1,3,2,44,1,0,1,1,1.19429,35.4537,24.92
732,15,3,6,6,2,6,2,82,1,1,2,2,0.014679999999999915,52.42320000000002,90.36999999999999
733,28,1,3,3,1,3,6,148,2,2,4,4,4.765160000000004,114.25520000000004,32.34
734,19,2,9,6,2,9,3,102,1,1,2,2,1.3802699999999999,63.85350000000003,126.57000000000002
735,14,2,2,3,1,3,3,72,2,0,2,2,1.8765699999999998,58.72040000000002,38.91
736,27,1,4,5,1,5,8,142,3,1,4,4,3.8370500000000023,109.88570000000004,37.39
737,23,0,4,3,0,4,3,118,3,0,3,3,2.49048,89.27700000000004,37.61000000000001
738,7,3,2,2,2,4,2,42,0,0,0,0,0.5825700000000003,30.3471,49.870000000000005
739,7,0,0,0,0,0,3,44,0,0,0,0,2.832600000000001,34.362999999999985,0.0
740,7,0,0,0,0,0,3,41,0,0,0,0,2.41927,33.481999999999985,0.0
741,7,0,0,0,0,0,0,42,0,0,1,1,2.5866000000000007,32.24899999999998,0.0
742,7,0,0,0,0,0,4,44,0,0,0,0,2.976700000000002,34.432999999999986,0.0
743,7,0,2,2,0,2,1,42,0,0,0,0,0.9579,26.901999999999987,26.3
744,8,0,0,0,0,5,1,50,0,0,0,0,2.8986,29.239999999999995,0.0
745,8,0,0,0,0,0,5,48,0,0,0,0,3.142800000000002,38.955999999999996,0.0
746,8,0,0,0,0,0,4,50,0,0,0,0,3.2227000000000023,38.98,0.0
747,8,0,2,2,0,2,3,48,0,0,0,0,1.3496000000000001,31.540999999999983,26.3
748,8,0,0,0,0,5,1,50,0,0,0,0,2.6293000000000006,24.494999999999997,0.0
749,8,0,0,0,0,0,1,42,1,0,1,1,2.1942900000000005,35.554,0.0
750,8,0,1,1,0,4,2,48,0,0,0,0,1.7087999999999999,22.203999999999994,9.23
751,8,0,0,0,0,0,0,48,0,0,1,1,2.832600000000001,36.79599999999999,0.0
752,8,0,2,2,0,2,2,48,0,0,0,0,1.2055,31.470999999999982,26.3
753,9,0,0,0,0,0,6,54,0,0,0,0,3.5329000000000024,43.57300000000001,0.0
754,9,0,0,0,0,0,5,56,0,0,0,0,3.6128000000000027,43.59700000000001,0.0
755,9,0,2,2,0,2,3,54,0,0,0,0,1.5956,36.087999999999994,26.3
756,10,0,1,1,0,7,3,62,0,0,0,0,2.3528000000000002,22.784999999999997,9.23
757,10,0,1,1,0,7,2,62,0,0,0,0,2.3528000000000002,22.785,9.23
758,10,0,2,2,0,2,7,58,0,0,0,0,2.0868,41.53200000000002,18.46
759,10,0,0,0,0,0,7,60,0,0,0,0,3.9230000000000036,48.190000000000026,0.0
760,10,0,0,0,0,0,6,62,0,0,0,0,4.002900000000003,48.21400000000003,0.0
761,10,2,1,1,1,1,2,54,1,0,1,1,1.52159,43.52940000000002,26.02
762,10,1,2,2,1,2,3,54,1,0,1,1,0.7887899999999999,41.60170000000002,24.92
763,10,4,4,3,3,5,1,54,1,0,1,1,0.32157000000000013,41.297799999999995,74.79
764,10,0,0,0,0,0,7,62,0,0,0,0,4.147000000000004,48.28400000000003,0.0
765,10,1,1,1,1,1,0,52,1,1,2,2,1.60938,42.162700000000015,12.03
766,11,0,0,0,0,4,0,60,1,0,1,1,3.3040900000000004,36.18800000000001,0.0
767,11,3,4,3,3,4,1,58,1,0,1,1,-0.18353000000000003,35.244899999999994,77.76
768,12,1,5,3,1,7,5,70,0,0,0,0,1.157,47.33970000000001,61.77
769,12,2,3,3,1,3,2,62,2,0,2,2,0.5665799999999996,46.58140000000002,43.32
770,12,2,3,3,1,3,2,64,1,0,1,1,1.01018,45.72090000000002,52.32
771,12,2,3,2,1,3,3,64,1,0,1,1,0.66708,45.25290000000002,52.32
772,13,2,4,2,2,4,0,72,0,1,2,2,-0.06630000000000041,46.946400000000025,58.2
773,13,1,4,3,1,4,2,68,1,0,1,1,0.79298,43.83430000000001,63.6
774,13,2,5,3,2,5,2,72,0,1,1,1,0.15879999999999989,44.69640000000001,75.27000000000001
775,13,0,3,2,0,3,1,68,1,1,2,2,1.3201900000000002,48.71600000000003,33.2
776,14,3,3,2,2,3,4,76,1,0,1,1,1.1048900000000001,54.175200000000025,63.32000000000001
777,14,2,5,3,2,5,3,78,0,1,1,1,0.5488999999999998,49.313400000000016,75.27000000000001
778,14,0,3,3,0,3,1,72,2,0,2,2,2.13959,54.928000000000026,26.93
779,14,2,3,3,1,3,4,76,1,0,1,1,1.7903799999999999,54.95490000000002,52.32
780,14,2,3,3,2,5,1,74,1,1,2,2,1.9838899999999997,59.56540000000002,36.42
781,14,1,3,3,1,3,0,74,1,2,3,3,1.40018,54.261700000000026,34.03
782,15,1,3,3,1,4,0,80,1,2,3,3,2.12118,62.109700000000025,34.03
783,15,1,2,1,1,2,2,74,2,0,2,2,2.61707,57.24930000000002,37.3
784,15,0,3,3,0,4,1,78,2,0,2,2,2.27869,54.88600000000002,26.93
785,15,0,3,3,0,4,1,78,2,0,2,2,2.7441900000000015,67.64500000000002,26.93
786,15,2,2,2,1,2,0,76,2,0,3,3,1.7773499999999998,59.23540000000003,38.91
787,15,2,5,3,2,5,4,84,0,1,1,1,0.9389999999999997,53.93040000000002,75.27000000000001
788,15,1,7,6,1,8,6,84,1,0,1,1,-0.28480999999999995,45.99120000000002,90.42
789,15,1,2,1,1,2,4,82,1,0,1,1,2.9637800000000007,60.502800000000036,37.3
790,16,2,5,3,2,5,5,90,0,1,1,1,1.3290999999999995,58.547400000000025,75.27000000000001
791,16,4,8,7,3,8,4,86,2,0,2,2,-1.2409399999999997,52.67690000000001,119.05
792,16,2,5,3,2,5,4,90,0,1,1,1,1.1849999999999998,58.477400000000024,75.27000000000001
793,16,1,2,2,1,3,3,88,1,0,1,1,3.2445900000000023,67.86720000000004,29.1
794,16,6,5,4,4,6,2,82,2,0,2,2,0.55643,64.5292,100.80999999999999
795,17,0,2,2,0,3,3,94,1,1,2,2,2.8310900000000014,81.87400000000004,6.48
796,17,2,2,2,2,3,6,96,1,0,1,1,3.9507800000000026,84.26240000000004,24.06
797,17,2,6,5,2,7,2,94,1,1,2,2,1.20799,56.518500000000024,84.32000000000001
798,17,0,4,4,0,4,2,90,2,0,2,2,1.82498,68.43100000000004,30.17
799,17,2,2,2,2,2,2,88,2,0,2,2,2.389460000000001,66.58960000000003,40.46
800,17,1,3,3,1,7,1,94,1,1,2,2,1.7280800000000003,58.24170000000001,28.16
801,17,2,7,6,2,7,2,90,2,1,3,3,0.2609699999999999,56.28050000000002,93.03
802,17,1,5,3,1,5,1,92,0,1,2,2,1.2012999999999998,60.966700000000024,66.48
803,17,1,3,2,1,3,5,94,1,0,1,1,2.0937099999999997,70.97770000000004,32.34
804,18,2,5,3,2,5,7,102,0,1,1,1,2.1093,67.78140000000003,75.27000000000001
805,18,2,3,3,2,3,8,100,1,0,1,1,1.6356799999999996,74.10750000000003,41.489999999999995
806,18,2,3,1,1,3,0,88,2,1,3,3,2.51656,71.35440000000003,46.33
807,18,1,3,3,1,3,6,100,1,1,2,2,1.9165800000000002,71.89180000000005,32.7
808,18,3,3,4,2,5,1,90,3,0,3,3,2.20424,78.88820000000001,59.14
809,19,1,3,2,1,5,9,106,1,0,1,1,2.9425800000000013,79.57880000000004,40.54
810,19,5,6,4,4,7,3,98,2,0,2,2,0.9326299999999998,74.4205,103.89
811,19,2,5,4,2,7,6,102,1,0,1,1,2.05877,82.56040000000003,73.1
812,19,2,4,2,1,4,0,94,2,2,4,4,2.15876,68.99340000000002,58.86
813,19,2,3,1,1,3,0,94,2,1,4,4,2.617260000000001,72.52540000000003,46.33
814,19,2,4,4,2,4,1,94,3,0,3,3,2.0378299999999996,66.60960000000003,70.67
815,19,1,3,2,1,4,1,94,2,1,3,3,2.63947,75.67370000000003,41.46
816,19,1,2,3,1,3,4,98,2,1,3,3,2.9215600000000013,82.04870000000005,15.27
817,19,2,2,3,1,4,3,98,2,1,3,3,3.314260000000001,82.18640000000003,29.259999999999998
818,19,2,2,2,1,2,3,98,2,1,3,3,2.40146,78.78940000000003,29.259999999999998
819,19,0,2,2,0,2,6,100,2,0,2,2,3.244780000000002,78.70100000000005,12.47
820,19,1,2,2,1,2,0,102,1,1,4,4,2.508570000000001,75.33980000000005,23.47
821,19,1,5,3,1,5,3,102,0,1,1,1,1.3065999999999998,70.78670000000002,66.48
822,19,2,4,4,2,4,9,108,1,0,1,1,1.0960799999999995,75.78650000000005,50.72
823,20,6,8,6,5,10,6,108,1,0,1,1,-0.10756999999999961,82.8332,135.0
824,20,2,2,3,1,4,5,106,2,0,2,2,2.966050000000001,84.65140000000004,29.259999999999998
825,20,0,3,3,0,4,5,106,1,1,2,2,3.0806600000000017,88.10000000000004,36.26
826,20,2,3,3,1,3,4,100,3,0,3,3,3.2075500000000012,77.39340000000003,52.05
827,20,1,2,2,1,2,4,104,2,1,3,3,2.662160000000001,83.66170000000007,15.27
828,20,0,3,2,0,4,1,100,2,1,3,3,2.6637700000000013,80.45400000000004,32.67
829,20,0,3,3,0,3,6,106,2,0,2,2,2.813880000000001,81.10700000000004,25.36
830,21,2,2,2,2,3,0,114,1,0,4,4,2.985370000000002,77.86760000000005,40.46
831,21,2,3,3,2,3,4,110,2,1,3,3,1.9053499999999999,84.71650000000004,35.5
832,21,0,1,1,0,1,3,108,2,0,3,3,3.949760000000003,89.47800000000007,3.24
833,21,1,4,4,1,4,4,114,1,2,3,3,1.87619,79.68980000000005,49.769999999999996
834,21,1,4,3,1,4,7,116,1,1,2,2,2.0603799999999994,83.48970000000006,41.57
835,21,0,2,3,0,4,4,110,2,1,3,3,3.9171600000000026,91.68600000000005,6.48
836,21,2,3,3,2,3,0,108,2,2,4,4,1.9764700000000004,79.80150000000003,41.489999999999995
837,21,0,4,2,0,5,1,106,2,1,3,3,2.2293700000000003,80.59500000000003,40.620000000000005
838,21,1,4,4,1,4,1,112,1,2,4,4,0.8160600000000002,78.05080000000005,41.93000000000001
839,21,0,2,2,0,2,4,110,2,1,3,3,3.004360000000001,88.28900000000006,6.48
840,21,2,4,3,2,6,1,106,2,1,3,3,2.6112700000000006,81.82350000000001,61.69
841,22,6,8,5,5,9,3,112,2,0,2,2,0.44261,85.8472,135.0
842,22,0,4,4,0,5,1,108,3,1,4,4,3.1712700000000016,85.16600000000001,43.07
843,22,1,3,3,1,3,0,114,2,2,4,4,2.3186700000000005,84.42880000000004,32.7
844,22,2,4,4,2,4,11,124,1,0,2,2,1.87628,87.45350000000006,50.72
845,22,0,5,5,0,5,3,118,1,2,3,3,1.8129899999999997,80.07550000000005,55.84
846,22,0,6,5,0,7,2,114,2,1,3,3,1.4195600000000002,73.81700000000002,64.43
847,22,1,2,2,1,5,6,118,2,0,2,2,3.863170000000003,78.65670000000004,21.259999999999998
848,22,2,4,4,1,7,9,124,1,0,1,1,3.092080000000001,78.18240000000003,56.84
849,23,0,3,3,0,5,9,130,1,0,1,1,4.199680000000003,97.78800000000007,29.54
850,23,0,4,4,0,6,1,120,2,1,4,4,4.027290000000003,91.67300000000004,43.07
851,23,1,5,5,1,6,1,114,3,1,4,4,2.6621700000000006,86.4218,63.3
852,23,1,5,5,1,6,2,114,3,1,4,4,2.3551500000000005,86.35180000000003,63.3
853,23,1,2,2,1,2,5,124,1,1,4,4,3.9076900000000037,93.82480000000005,23.47
854,23,1,4,5,1,5,8,124,2,1,3,3,3.1122700000000014,94.58570000000006,37.39
855,23,0,6,5,0,8,2,120,2,1,3,3,1.71516,73.84600000000002,64.43
856,23,0,6,4,0,7,2,116,2,1,3,3,1.6770600000000002,81.23240000000003,75.81
857,23,1,5,4,1,5,2,122,2,2,4,4,1.8352699999999997,87.92020000000005,50.160000000000004
858,24,1,4,4,1,6,2,120,3,1,4,4,3.099250000000002,88.51480000000004,50.41
859,24,1,4,4,1,6,1,120,3,1,4,4,3.406270000000002,88.58480000000003,50.41
860,24,3,6,5,3,6,10,134,1,0,1,1,1.4677699999999996,92.92470000000004,87.66
861,24,1,4,4,1,4,8,128,2,1,3,3,3.050770000000001,96.70870000000006,37.39
862,24,0,6,5,0,8,4,126,2,1,3,3,1.7592600000000003,78.73500000000001,64.43
863,25,0,7,6,0,8,2,128,3,1,4,4,2.5505400000000007,88.97150000000003,77.05
864,25,0,3,2,0,3,6,132,2,1,3,3,3.701380000000002,102.73700000000007,23.550000000000004
865,25,1,5,4,1,6,4,128,3,0,3,3,2.8723600000000005,92.13330000000006,68.53
866,26,1,4,3,1,4,8,138,2,1,3,3,3.299570000000002,103.31520000000005,41.57
867,26,0,6,5,0,7,1,136,2,2,4,4,3.5266600000000023,97.98500000000004,64.43
868,26,1,3,3,1,5,6,138,2,1,3,3,4.425280000000003,103.14530000000003,40.54
869,26,1,8,7,1,9,2,134,3,1,4,4,1.6545399999999997,90.12730000000003,97.28
870,26,0,5,4,0,8,6,144,1,2,3,3,2.189680000000001,91.85000000000007,39.68000000000001
871,26,1,3,3,1,5,6,138,2,1,3,3,4.316180000000004,100.45530000000005,40.54
872,26,1,4,4,1,5,8,140,2,1,3,3,2.946480000000001,105.12280000000004,35.940000000000005
873,26,2,3,3,2,9,2,142,2,1,3,3,3.8553500000000027,79.34450000000001,45.150000000000006
874,26,0,3,4,0,5,4,138,2,2,4,4,3.815850000000003,111.29340000000005,23.55
875,27,1,5,4,1,6,8,144,2,1,3,3,3.038780000000002,105.67280000000007,53.01
876,27,2,9,8,2,10,3,140,3,1,4,4,0.6269399999999996,91.53910000000002,117.51000000000002
877,27,1,5,5,1,5,8,142,3,1,4,4,3.3685500000000017,104.27470000000004,50.53
878,28,0,7,6,0,7,6,152,1,2,4,4,1.70759,105.95000000000005,69.64000000000001
879,28,0,4,4,0,4,6,148,2,1,4,4,3.2721500000000017,108.11250000000005,38.769999999999996
880,28,2,7,6,2,7,9,146,3,0,3,3,2.7405500000000007,106.46440000000003,92.79
881,29,1,3,2,1,3,5,144,4,0,4,4,5.118750000000005,114.53020000000002,41.99
882,29,0,4,5,0,5,7,154,2,2,4,4,3.8776500000000036,121.03150000000008,26.790000000000006
883,29,0,5,5,0,7,6,154,2,2,4,4,3.6509800000000032,124.47350000000003,43.86
884,29,2,7,7,2,8,10,154,3,0,3,3,3.309750000000001,115.34240000000004,87.05
885,30,2,7,5,2,8,5,156,4,1,5,5,4.296140000000004,115.2594,78.82
886,30,2,7,6,2,8,6,160,2,2,4,4,0.14966000000000174,108.51500000000004,74.27000000000001
887,31,1,7,7,1,8,4,164,3,2,5,5,2.8138500000000013,110.48580000000004,84.39
888,31,0,5,4,0,7,6,164,2,2,4,4,3.8864800000000033,121.53750000000002,43.86
889,32,2,6,6,2,7,10,166,4,0,4,4,4.3858200000000025,128.3764,74.16
890,32,0,5,4,0,7,7,170,2,2,4,4,4.276580000000004,126.15450000000006,43.86
891,32,2,4,3,1,4,7,164,3,2,5,5,3.276250000000002,125.07640000000004,55.56
892,34,2,4,3,2,4,1,190,0,0,5,5,6.412600000000007,133.07160000000005,74.6
893,35,4,9,7,3,10,11,192,2,1,3,3,1.8594700000000002,132.7127,131.19000000000003
894,36,6,15,15,5,19,9,192,2,2,4,4,-0.6524299999999992,128.65850000000006,223.08999999999997
895,39,7,12,12,6,12,5,208,2,1,5,5,-1.7141899999999977,128.32840000000007,206.07
896,45,4,9,7,4,9,11,240,3,1,5,5,2.6480600000000036,173.00299999999953,118.03000000000002
